SVC1,SVC2
CJ1,
CKJ,CKJ1
NCJ,
NCQ,
NTP,
NCK,
PAGE,
A04,
BH2,
BH3,
BSS1,
BNJ,
JWK,
BSN,
BXQ,
RSL,
,
AK8,
AK4,
AK6,
AK3,
CKS1,
CNS2,
CKX1,
JHTN,
TCL,
KCE2,QPX
KCJ,
TPX2,
TPX1,YNT
,
KQP,
KQS,
NBQ,
KTH,
KXS1,
NKX,
KCN1,
KCN2,
NTP,
NBS,
NCS,
NSC,
KNX,NSC
,
PAS,
SPX1,
SPX2,
CRIOCA,
FIL,
SX2,
CI5,
CIX3,
AIS,
FI3W,
ACE,
SIS2,
PS3W,
FIM,
CJ1,
CKJ,CKJ1
NCJ,
NCQ,
NTP,
NCK,
PAGE,
WJP,
BSS2,
BJS,JPS1
BKS1,
BKH,
KJP,
BNX,
BTX,
BJ1,
SETO3,
SETO4,
CJS-E,
ISX,
IA5N,
ITX,
JP1,JP5
JEH1,
JEK1,
JEK2,
JES1,
JES2,
JKK,
JK1,
JK2,
JKS2,
JSW2,
JSW1,
JWK1,
KF02,
KAGUYA,
KHX1,
KBX,
KJHK,
KJK,
KJK,KJS
KJK,KJS
KJH,
HS2,
KJS2,
KJS1,
MSX,
NPF,
PTGE,
SKX1,
SKX2,
THS2,
THS3,
THS4,
THS5,
JPHN,
ORIGMR,
FM1,
AG1,
GLX,
MX1OA,
PHXOA,
DRAGON,
JADE,
MS2,
TIGER,
ZMPW,
FIM,
FE3,
SWAN,
A3N,
GSX,
ANZL,
BBAL,
SWL,
NEAX,
SWL,BNMT
SWL,BNMT
PANDA,
,
,
,
GHRN,
GBS,
GBS,
JRX,
KRS,
SRISEA,
KRX,
PVS2,
BRX,
BVS,
CRS,
HPS1,
,
SRS,
,
ANX,
A14,
A05,
BMX,
BIH,
BTS,
CJV2,
CJV3,
KCM2S,
CSE1,
DPHIN,
FEM,
HPX,
HPS1,
HPS2,
HP2,
ICN,
ICN,
IHP2,
IA88S,
JSV,
JTVS,
JVH,
VTX1,
KHS1,
KCI,
KCM3,
KHX,
KPX,
KSH,
KST,
KTH,
KVX1,
KTS,
KVT,
CKI2,
KCM,
KMS3,
KHP,
NTX,
KI1,
KVS,
NFS,
NKT,
NSB,
PERTWI,
PCI,
PCI2,
PMX,
CTP,
VTX,
VTS,
JPHS,
ORIGAMI A,
CBX,
EC4E,
EC1E,
EC2E,EC2W
EMPIRE E,EMPIRE W
LONEST,
GUSEC2E,
GUSEC3,
AWE2,
NUE,
PE3OA,
ZCP,
AWCE,AWCW
CPXE,CPXW
CHNCLE,
EX1E,EX1W
EXX,
MS2,
PNW,
PNW,
ORIENT E,
PN3E,PN3W
PS6E,PS6W
PNSE,PNSW
COBOA,
CPS,
PCC1E,PCC1W
GUSWC2E,
GUSWC3E,
GUSWC4E,
GUSWC5E,
GUSWC6E,
ZX2,
AHX,
ACSAE,ACSAW
AX4,FLX
AMX,
MEXICA,
ASPA2E,ASPA2W
AC2S,
AC3E,
WCSA,WS6
AN1,
AN3E,AN3W
M2XE,M2XW
PEX2,
SANTA,
AFRICA,
